Species	Category	Count	Percentage
Dmel_ISO1	C	2775	99.1426
Dmel_ISO1	D	16	0.571633
Dmel_ISO1	F	12	0.428725
Dmel_ISO1	M	12	0.428725
Dmel_ISO1	N	2799	100
Dmel_ISO1	S	2759	98.5709
