Species	Category	Count	Percentage
Dmel_ISO1	C	2762	98.6781
Dmel_ISO1	D	14	0.500179
Dmel_ISO1	F	21	0.750268
Dmel_ISO1	M	16	0.571633
Dmel_ISO1	N	2799	100
Dmel_ISO1	S	2748	98.1779
