Species	Category	Count	Percentage
Dsan_STOCAGO1482	C	2772	99.0354
Dsan_STOCAGO1482	D	15	0.535906
Dsan_STOCAGO1482	F	16	0.571633
Dsan_STOCAGO1482	M	11	0.392997
Dsan_STOCAGO1482	N	2799	100
Dsan_STOCAGO1482	S	2757	98.4995
