Species	Category	Count	Percentage
Dsim_w501	C	2755	98.428
Dsim_w501	D	15	0.535906
Dsim_w501	F	24	0.857449
Dsim_w501	M	20	0.714541
Dsim_w501	N	2799	100
Dsim_w501	S	2740	97.8921
