Species	Category	Count	Percentage
Dsim_w501	C	2754	98.3923
Dsim_w501	D	13	0.464452
Dsim_w501	F	27	0.96463
Dsim_w501	M	18	0.643087
Dsim_w501	N	2799	100
Dsim_w501	S	2741	97.9278
