Species	Category	Count	Percentage
Dtei_GT53w	C	2765	98.7853
Dtei_GT53w	D	17	0.60736
Dtei_GT53w	F	18	0.643087
Dtei_GT53w	M	16	0.571633
Dtei_GT53w	N	2799	100
Dtei_GT53w	S	2748	98.1779
