Species	Category	Count	Percentage
Dtei_GT53w	C	2630	93.9621
Dtei_GT53w	D	35	1.25045
Dtei_GT53w	F	83	2.96534
Dtei_GT53w	M	86	3.07253
Dtei_GT53w	N	2799	100
Dtei_GT53w	S	2595	92.7117
