Species	Category	Count	Percentage
Dyak_Tai18E2	C	2767	98.8567
Dyak_Tai18E2	D	16	0.571633
Dyak_Tai18E2	F	17	0.60736
Dyak_Tai18E2	M	15	0.535906
Dyak_Tai18E2	N	2799	100
Dyak_Tai18E2	S	2751	98.2851
