Species	Category	Count	Percentage
Dyak_NY73PB	C	2769	98.9282
Dyak_NY73PB	D	17	0.60736
Dyak_NY73PB	F	15	0.535906
Dyak_NY73PB	M	15	0.535906
Dyak_NY73PB	N	2799	100
Dyak_NY73PB	S	2752	98.3208
