Species	Category	Count	Percentage
Dyak_NY73PB	C	2641	94.3551
Dyak_NY73PB	D	13	0.464452
Dyak_NY73PB	F	81	2.89389
Dyak_NY73PB	M	77	2.75098
Dyak_NY73PB	N	2799	100
Dyak_NY73PB	S	2628	93.8907
