Species	Category	Count	Percentage
Dyak_Tai18E2	C	2654	94.8196
Dyak_Tai18E2	D	14	0.500179
Dyak_Tai18E2	F	71	2.53662
Dyak_Tai18E2	M	74	2.6438
Dyak_Tai18E2	N	2799	100
Dyak_Tai18E2	S	2640	94.3194
